{
  "packages": [
    {
      "name": "QCA4020",
      "maintainer": "5G_hub",
      "websiteURL": "https://5ghub.us",
      "email": "your@https://5ghub.us",
      "help": {
        "online": "https://5ghub.us//docs"
      },
      "platforms": [
        {
          "name": "QCA4020",
          "architecture": "QCA4020",
          "version": "0.0.1",
          "category": "Contributed",
          "url": "https://www.dropbox.com/s/1esjk0bpohcv34t/ArduinoCore-Template.zip?dl=1",
          "archiveFileName": "ArduinoCore-QCA4020.zip",
          "checksum": "SHA-256:86070154671566f58014a29d13a80bc330491b237e7c79eb8e46e45dcd70b4b2",
          "size": "16200652",
          "boards": [
            { "name": "Arduino QCA4020 Board" }
          ],
          "toolsDependencies": [
            {
              "packager": "vendorname",
              "name": "custom-tool",
              "version": "1.0.0"
            },
            {
              "packager": "arduino",
              "name": "arm-none-eabi-gcc",
              "version": "7-2017q4"
            },
            {
              "packager": "arduino",
              "name": "openocd",
              "version": "0.10.0-arduino9"
            }
          ]
        }
      ],
      "tools": [
        {
          "name": "custom-tool",
          "version": "1.0.0",
          "systems": [
            {
              "host": "i686-mingw32",
              "url": "https://www.dropbox.com/s/dorm7hfs6pz4adt/custom-tool-windows-32.zip?dl=1",
              "archiveFileName": "custom-tool-windows-32.zip",
              "checksum": "SHA-256:d3908ec813732c5add5c186a5c3c290d5d3892bfa205e9d64ac2614602fc4782",
              "size": "1008864"
            },
            {
              "host": "x86_64-mingw32",
              "url": "https://www.dropbox.com/s/gd9l5iv40kr0yoh/custom-tool-windows-64.zip?dl=1",
              "archiveFileName": "custom-tool-windows-64.zip",
              "checksum": "SHA-256:402b2ea18eb72b67f88da698ce54e2f15abe37184c0b259e0ad786c523af2b69",
              "size": "1047313"
            },
            {
              "host": "i386-apple-darwin11",
              "url": "https://www.dropbox.com/s/n2meohgwa33ncr1/custom-tool-mac-32.zip?dl=1",
              "archiveFileName": "custom-tool-mac-32.zip",
              "checksum": "SHA-256:ff4f199389f5fbabcc1a3c840e53e0257798e1753711cb6200f5b4dbf155e75f",
              "size": "1061263"
            },
            {
              "host": "x86_64-apple-darwin",
              "url": "https://www.dropbox.com/s/xugxct2fjepb5z3/custom-tool-mac-64.zip?dl=1",
              "archiveFileName": "custom-tool-mac-64.zip",
              "checksum": "SHA-256:adfb05d331deacd482954fecfc8cb150e0be16c22f43e94d0f0a75f47e091008",
              "size": "1068763"
            },
            {
              "host": "i686-pc-linux-gnu",
              "url": "https://www.dropbox.com/s/6kjvbe9qx15it5z/custom-tool-linux-32.zip?dl=1",
              "archiveFileName": "custom-tool-linux-32.zip",
              "checksum": "SHA-256:f3444d11cea6c35ba353cd28a75fa1be808b1dc93999470592335bb24bf4f068",
              "size": "994205"
            },
            {
              "host": "x86_64-pc-linux-gnu",
              "url": "https://www.dropbox.com/s/n1tcc3j4b98ib6r/custom-tool-linux-64.zip?dl=1",
              "archiveFileName": "custom-tool-linux-64.zip",
              "checksum": "SHA-256:23628665fd5788dd5d9025aa344ac967bacf45cf966d4e9809d724e7c8d5ba90",
              "size": "1023835"
            },
            {
              "host": "arm-linux-gnueabihf",
              "url": "https://www.dropbox.com/s/o65voskh073eysx/custom-tool-linux-armv6.zip?dl=1",
              "archiveFileName": "custom-tool-linux-armv6.zip",
              "checksum": "SHA-256:907cdf5f5b978430322e9ae43a14c858bd532fa0c7d58497787e8fddaef306fb",
              "size": "960711"
            },
            {
              "host": "aarch64-linux-gnu",
              "url": "https://www.dropbox.com/s/uf258a6uyuexcxc/custom-tool-linux-armv8.zip?dl=1",
              "archiveFileName": "custom-tool-linux-armv8.zip",
              "checksum": "SHA-256:b0203c13e30b47be7cc6d9f98837346fe747bfd60e9d20c03823b17c01d3034a",
              "size": "972607"
            }
          ]
        }
      ]
    }
  ]
}
